MeltCurveTemperature, Site1, Site2, Site3, Site4
49.7109985351563,0,0,20068,0
70.5439987182617,0,0,20068,0
