MeltCurveTemperature,Cartridge 1 Channel 1, Cartridge 1 Channel 2, Cartridge 1 Channel 3, Cartridge 1 Channel 4,Cartridge 2 Channel 1, Cartridge 2 Channel 2, Cartridge 2 Channel 3, Cartridge 2 Channel 4,Cartridge 3 Channel 1, Cartridge 3 Channel 2, Cartridge 3 Channel 3, Cartridge 3 Channel 4,Cartridge 4 Channel 1, Cartridge 4 Channel 2, Cartridge 4 Channel 3, Cartridge 4 Channel 4,Cartridge 5 Channel 1, Cartridge 5 Channel 2, Cartridge 5 Channel 3, Cartridge 5 Channel 4,Cartridge 6 Channel 1, Cartridge 6 Channel 2, Cartridge 6 Channel 3, Cartridge 6 Channel 4
45.4529991149902,0,0,0,0,0,0,0,0,5623707,5469214,6058544,4657171,0,0,0,0,0,0,0,0,0,0,0,0
48.3460006713867,0,0,0,0,0,0,0,0,5600708,5446512,6037667,4649087,0,0,0,0,0,0,0,0,0,0,0,0
50.1059989929199,0,0,0,0,0,0,0,0,5578058,5424045,6000095,4622141,0,0,0,0,0,0,0,0,0,0,0,0
51.2569999694824,0,0,0,0,0,0,0,0,5576501,5418981,6001199,4627794,0,0,0,0,0,0,0,0,0,0,0,0
52.0040016174316,0,0,0,0,0,0,0,0,5563367,5409306,5974999,4607209,0,0,0,0,0,0,0,0,0,0,0,0
52.4609985351563,0,0,0,0,0,0,0,0,5567174,5407360,5988086,4619218,0,0,0,0,0,0,0,0,0,0,0,0
52.7280006408691,0,0,0,0,0,0,0,0,5554536,5399856,5962772,4605204,0,0,0,0,0,0,0,0,0,0,0,0
52.859001159668,0,0,0,0,0,0,0,0,5555955,5400112,5973261,4613553,0,0,0,0,0,0,0,0,0,0,0,0
