MeltCurveTemperature,Cartridge 1 Channel 1, Cartridge 1 Channel 2, Cartridge 1 Channel 3, Cartridge 1 Channel 4,Cartridge 2 Channel 1, Cartridge 2 Channel 2, Cartridge 2 Channel 3, Cartridge 2 Channel 4,Cartridge 3 Channel 1, Cartridge 3 Channel 2, Cartridge 3 Channel 3, Cartridge 3 Channel 4,Cartridge 4 Channel 1, Cartridge 4 Channel 2, Cartridge 4 Channel 3, Cartridge 4 Channel 4,Cartridge 5 Channel 1, Cartridge 5 Channel 2, Cartridge 5 Channel 3, Cartridge 5 Channel 4,Cartridge 6 Channel 1, Cartridge 6 Channel 2, Cartridge 6 Channel 3, Cartridge 6 Channel 4
44.3740005493164,0,0,0,0,0,0,0,0,2465597,1145022,2472002,2281855,0,0,0,0,0,0,0,0,0,0,0,0
44.2569999694824,0,0,0,0,0,0,0,0,2431694,1111119,2438099,2244468,0,0,0,0,0,0,0,0,0,0,0,0
44.1860008239746,0,0,0,0,0,0,0,0,2391721,1071146,2398126,2205996,0,0,0,0,0,0,0,0,0,0,0,0
44.1969985961914,0,0,0,0,0,0,0,0,2353552,1032977,2359957,2169895,0,0,0,0,0,0,0,0,0,0,0,0
44.4189987182617,0,0,0,0,0,0,0,0,2322121,1001546,2328526,2140360,0,0,0,0,0,0,0,0,0,0,0,0
44.6419982910156,0,0,0,0,0,0,0,0,2299868,979293,2306273,2117777,0,0,0,0,0,0,0,0,0,0,0,0
44.7369995117188,0,0,0,0,0,0,0,0,2278406,957831,2284811,2097201,0,0,0,0,0,0,0,0,0,0,0,0
44.7770004272461,0,0,0,0,0,0,0,0,2257454,936879,2263859,2076038,0,0,0,0,0,0,0,0,0,0,0,0
44.7809982299805,0,0,0,0,0,0,0,0,2240390,919815,2246795,2061338,0,0,0,0,0,0,0,0,0,0,0,0
