MeltCurveTemperature, Cartridge1, Cartridge2, Cartridge3, Cartridge4
48.3610000610352,0,0,6854580,0,0,0,0,0,6041862,0,0,0,0,0,5242962,0,0,0,0,0,6115148,0,0,0
80.1920013427734,0,0,6739736,0,0,0,0,0,5943851,0,0,0,0,0,5205182,0,0,0,0,0,6058854,0,0,0
