MeltCurveTemperature,Cartridge 1 Channel 1, Cartridge 1 Channel 2, Cartridge 1 Channel 3, Cartridge 1 Channel 4,Cartridge 2 Channel 1, Cartridge 2 Channel 2, Cartridge 2 Channel 3, Cartridge 2 Channel 4,Cartridge 3 Channel 1, Cartridge 3 Channel 2, Cartridge 3 Channel 3, Cartridge 3 Channel 4,Cartridge 4 Channel 1, Cartridge 4 Channel 2, Cartridge 4 Channel 3, Cartridge 4 Channel 4,Cartridge 5 Channel 1, Cartridge 5 Channel 2, Cartridge 5 Channel 3, Cartridge 5 Channel 4,Cartridge 6 Channel 1, Cartridge 6 Channel 2, Cartridge 6 Channel 3, Cartridge 6 Channel 4
45.3390007019043,0,0,0,0,0,0,0,0,1082163,837896,608591,465083,0,0,0,0,0,0,0,0,0,0,0,0
47.2290000915527,0,0,0,0,0,0,0,0,892889,729492,552391,430804,0,0,0,0,0,0,0,0,0,0,0,0
48.0830001831055,0,0,0,0,0,0,0,0,873684,700388,538676,424611,0,0,0,0,0,0,0,0,0,0,0,0
48.7229995727539,0,0,0,0,0,0,0,0,865826,684278,537038,432316,0,0,0,0,0,0,0,0,0,0,0,0
49.4809989929199,0,0,0,0,0,0,0,0,878846,679975,535747,433285,0,0,0,0,0,0,0,0,0,0,0,0
50.3370018005371,0,0,0,0,0,0,0,0,864892,660566,537311,439653,0,0,0,0,0,0,0,0,0,0,0,0
51.2560005187988,0,0,0,0,0,0,0,0,880295,670717,540174,445889,0,0,0,0,0,0,0,0,0,0,0,0
