MeltCurveTemperature,Cartridge 1 Channel 1, Cartridge 1 Channel 2, Cartridge 1 Channel 3, Cartridge 1 Channel 4,Cartridge 2 Channel 1, Cartridge 2 Channel 2, Cartridge 2 Channel 3, Cartridge 2 Channel 4,Cartridge 3 Channel 1, Cartridge 3 Channel 2, Cartridge 3 Channel 3, Cartridge 3 Channel 4,Cartridge 4 Channel 1, Cartridge 4 Channel 2, Cartridge 4 Channel 3, Cartridge 4 Channel 4,Cartridge 5 Channel 1, Cartridge 5 Channel 2, Cartridge 5 Channel 3, Cartridge 5 Channel 4,Cartridge 6 Channel 1, Cartridge 6 Channel 2, Cartridge 6 Channel 3, Cartridge 6 Channel 4
71.6729965209961,0,0,0,0,0,0,0,0,9686228,14916070,8889753,14707198,0,0,0,0,0,0,0,0,0,0,0,0
71.3290023803711,0,0,0,0,0,0,0,0,9534644,14311947,8691557,14255883,0,0,0,0,0,0,0,0,0,0,0,0
71.4440002441406,0,0,0,0,0,0,0,0,9346954,13879060,8592509,13963961,0,0,0,0,0,0,0,0,0,0,0,0
71.5759963989258,0,0,0,0,0,0,0,0,9128426,13656251,8515840,13752993,0,0,0,0,0,0,0,0,0,0,0,0
71.7030029296875,0,0,0,0,0,0,0,0,9055017,13459139,8475801,13561864,0,0,0,0,0,0,0,0,0,0,0,0
71.8300018310547,0,0,0,0,0,0,0,0,8999976,13322020,8440890,13441272,0,0,0,0,0,0,0,0,0,0,0,0
74.5029983520508,0,0,0,0,0,0,0,0,8715032,12684907,8354551,12684203,0,0,0,0,0,0,0,0,0,0,0,0
