MeltCurveTemperature,Cartridge 1 Channel 1, Cartridge 1 Channel 2, Cartridge 1 Channel 3, Cartridge 1 Channel 4,Cartridge 2 Channel 1, Cartridge 2 Channel 2, Cartridge 2 Channel 3, Cartridge 2 Channel 4,Cartridge 3 Channel 1, Cartridge 3 Channel 2, Cartridge 3 Channel 3, Cartridge 3 Channel 4,Cartridge 4 Channel 1, Cartridge 4 Channel 2, Cartridge 4 Channel 3, Cartridge 4 Channel 4,Cartridge 5 Channel 1, Cartridge 5 Channel 2, Cartridge 5 Channel 3, Cartridge 5 Channel 4,Cartridge 6 Channel 1, Cartridge 6 Channel 2, Cartridge 6 Channel 3, Cartridge 6 Channel 4
45.560001373291,0,0,0,0,0,0,0,0,1095404,975184,1044651,857631,0,0,0,0,0,0,0,0,0,0,0,0
46.5540008544922,0,0,0,0,0,0,0,0,1012494,913540,980667,795794,0,0,0,0,0,0,0,0,0,0,0,0
46.7680015563965,0,0,0,0,0,0,0,0,964656,869189,945061,767481,0,0,0,0,0,0,0,0,0,0,0,0
46.9650001525879,0,0,0,0,0,0,0,0,932809,836206,915842,740688,0,0,0,0,0,0,0,0,0,0,0,0
47.173999786377,0,0,0,0,0,0,0,0,914352,818729,897454,728101,0,0,0,0,0,0,0,0,0,0,0,0
47.3860015869141,0,0,0,0,0,0,0,0,889587,800738,873537,712419,0,0,0,0,0,0,0,0,0,0,0,0
47.5940017700195,0,0,0,0,0,0,0,0,891270,790692,872697,716791,0,0,0,0,0,0,0,0,0,0,0,0
47.8009986877441,0,0,0,0,0,0,0,0,884849,782737,857075,710896,0,0,0,0,0,0,0,0,0,0,0,0
