MeltCurveTemperature,Cartridge 1 Channel 1, Cartridge 1 Channel 2, Cartridge 1 Channel 3, Cartridge 1 Channel 4,Cartridge 2 Channel 1, Cartridge 2 Channel 2, Cartridge 2 Channel 3, Cartridge 2 Channel 4,Cartridge 3 Channel 1, Cartridge 3 Channel 2, Cartridge 3 Channel 3, Cartridge 3 Channel 4,Cartridge 4 Channel 1, Cartridge 4 Channel 2, Cartridge 4 Channel 3, Cartridge 4 Channel 4,Cartridge 5 Channel 1, Cartridge 5 Channel 2, Cartridge 5 Channel 3, Cartridge 5 Channel 4,Cartridge 6 Channel 1, Cartridge 6 Channel 2, Cartridge 6 Channel 3, Cartridge 6 Channel 4
44.9780006408691,0,0,0,0,0,0,0,0,10816693,15039437,8506932,7939657,0,0,0,0,0,0,0,0,0,0,0,0
48.3370018005371,0,0,0,0,0,0,0,0,10813920,15024773,8521393,7957779,0,0,0,0,0,0,0,0,0,0,0,0
50.2239990234375,0,0,0,0,0,0,0,0,10809702,14981496,8479614,7911614,0,0,0,0,0,0,0,0,0,0,0,0
51.5229988098145,0,0,0,0,0,0,0,0,10824701,14941584,8510953,7938388,0,0,0,0,0,0,0,0,0,0,0,0
52.4300003051758,0,0,0,0,0,0,0,0,10785217,14847168,8455107,7865838,0,0,0,0,0,0,0,0,0,0,0,0
53.0470008850098,0,0,0,0,0,0,0,0,10773816,14751587,8467739,7877544,0,0,0,0,0,0,0,0,0,0,0,0
53.4809989929199,0,0,0,0,0,0,0,0,10702505,14569506,8390775,7786520,0,0,0,0,0,0,0,0,0,0,0,0
53.7729988098145,0,0,0,0,0,0,0,0,10661668,14394614,8384579,7771572,0,0,0,0,0,0,0,0,0,0,0,0
