MeltCurveTemperature,Cartridge 1 Channel 1, Cartridge 1 Channel 2, Cartridge 1 Channel 3, Cartridge 1 Channel 4,Cartridge 2 Channel 1, Cartridge 2 Channel 2, Cartridge 2 Channel 3, Cartridge 2 Channel 4,Cartridge 3 Channel 1, Cartridge 3 Channel 2, Cartridge 3 Channel 3, Cartridge 3 Channel 4,Cartridge 4 Channel 1, Cartridge 4 Channel 2, Cartridge 4 Channel 3, Cartridge 4 Channel 4,Cartridge 5 Channel 1, Cartridge 5 Channel 2, Cartridge 5 Channel 3, Cartridge 5 Channel 4,Cartridge 6 Channel 1, Cartridge 6 Channel 2, Cartridge 6 Channel 3, Cartridge 6 Channel 4
71.7760009765625,0,0,0,0,0,0,0,0,9335330,13701623,8753605,14503530,0,0,0,0,0,0,0,0,0,0,0,0
72.1760025024414,0,0,0,0,0,0,0,0,8878877,13083792,8396023,14164916,0,0,0,0,0,0,0,0,0,0,0,0
73.4010009765625,0,0,0,0,0,0,0,0,8769947,12833844,8363682,13838197,0,0,0,0,0,0,0,0,0,0,0,0
73.5500030517578,0,0,0,0,0,0,0,0,8744282,12803948,8364071,13732729,0,0,0,0,0,0,0,0,0,0,0,0
83.7979965209961,0,0,0,0,0,0,0,0,6730512,8237348,8192146,8467277,0,0,0,0,0,0,0,0,0,0,0,0
