MeltCurveTemperature, Cartridge1, Cartridge2, Cartridge3, Cartridge4
50.0550003051758,0,0,6912872,0,0,0,0,0,6070179,0,0,0,0,0,5272978,0,0,0,0,0,6074318,0,0,0
82.3990020751953,0,0,6775107,0,0,0,0,0,5997300,0,0,0,0,0,5249083,0,0,0,0,0,6046807,0,0,0
