MeltCurveTemperature, Cartridge1, Cartridge2, Cartridge3, Cartridge4
48.9280014038086,0,0,6871312,0,0,0,0,0,6011030,0,0,0,0,0,5232596,0,0,0,0,0,6156153,0,0,0
80.2539978027344,0,0,6758721,0,0,0,0,0,5902058,0,0,0,0,0,5181731,0,0,0,0,0,6101975,0,0,0
