MeltCurveTemperature,Cartridge 1 Channel 1, Cartridge 1 Channel 2, Cartridge 1 Channel 3, Cartridge 1 Channel 4,Cartridge 2 Channel 1, Cartridge 2 Channel 2, Cartridge 2 Channel 3, Cartridge 2 Channel 4,Cartridge 3 Channel 1, Cartridge 3 Channel 2, Cartridge 3 Channel 3, Cartridge 3 Channel 4,Cartridge 4 Channel 1, Cartridge 4 Channel 2, Cartridge 4 Channel 3, Cartridge 4 Channel 4,Cartridge 5 Channel 1, Cartridge 5 Channel 2, Cartridge 5 Channel 3, Cartridge 5 Channel 4,Cartridge 6 Channel 1, Cartridge 6 Channel 2, Cartridge 6 Channel 3, Cartridge 6 Channel 4
45.5530014038086,0,0,0,0,0,0,0,0,16254031,20318681,10157105,9390669,0,0,0,0,0,0,0,0,0,0,0,0
50.1300010681152,0,0,0,0,0,0,0,0,16063618,20112393,10054190,9279814,0,0,0,0,0,0,0,0,0,0,0,0
52.9710006713867,0,0,0,0,0,0,0,0,15921023,19971143,9982543,9200655,0,0,0,0,0,0,0,0,0,0,0,0
54.8370018005371,0,0,0,0,0,0,0,0,15847377,19890433,10001458,9237204,0,0,0,0,0,0,0,0,0,0,0,0
56.140998840332,0,0,0,0,0,0,0,0,15694989,19700457,9929602,9161406,0,0,0,0,0,0,0,0,0,0,0,0
