MeltCurveTemperature,Cartridge 1 Channel 1, Cartridge 1 Channel 2, Cartridge 1 Channel 3, Cartridge 1 Channel 4,Cartridge 2 Channel 1, Cartridge 2 Channel 2, Cartridge 2 Channel 3, Cartridge 2 Channel 4,Cartridge 3 Channel 1, Cartridge 3 Channel 2, Cartridge 3 Channel 3, Cartridge 3 Channel 4,Cartridge 4 Channel 1, Cartridge 4 Channel 2, Cartridge 4 Channel 3, Cartridge 4 Channel 4,Cartridge 5 Channel 1, Cartridge 5 Channel 2, Cartridge 5 Channel 3, Cartridge 5 Channel 4,Cartridge 6 Channel 1, Cartridge 6 Channel 2, Cartridge 6 Channel 3, Cartridge 6 Channel 4
45.5629997253418,-3783284,-4500645,-3400577,-1714884,-1982330,-3846274,-4120177,-3042545,0,0,0,0,0,0,0,0,0,0,0,0,0,0,0,0
45.8660011291504,-3756635,-4464122,-3384739,-1720762,-1975996,-3858344,-4112207,-3033127,0,0,0,0,0,0,0,0,0,0,0,0,0,0,0,0
46.0139999389648,-3709686,-4465940,-3375482,-1714707,-1980423,-3823179,-4084388,-3055419,0,0,0,0,0,0,0,0,0,0,0,0,0,0,0,0
46.4140014648438,-3724016,-4461543,-3376599,-1714068,-1970484,-3837551,-4094617,-3024383,0,0,0,0,0,0,0,0,0,0,0,0,0,0,0,0
46.4790000915527,-3726342,-4429916,-3358975,-1707110,-1962994,-3852541,-4054926,-3033187,0,0,0,0,0,0,0,0,0,0,0,0,0,0,0,0
46.7760009765625,-3748523,-4404831,-3343858,-1704395,-1971921,-3818205,-4052356,-3027611,0,0,0,0,0,0,0,0,0,0,0,0,0,0,0,0
