MeltCurveTemperature,Cartridge 1 Channel 1, Cartridge 1 Channel 2, Cartridge 1 Channel 3, Cartridge 1 Channel 4,Cartridge 2 Channel 1, Cartridge 2 Channel 2, Cartridge 2 Channel 3, Cartridge 2 Channel 4,Cartridge 3 Channel 1, Cartridge 3 Channel 2, Cartridge 3 Channel 3, Cartridge 3 Channel 4,Cartridge 4 Channel 1, Cartridge 4 Channel 2, Cartridge 4 Channel 3, Cartridge 4 Channel 4,Cartridge 5 Channel 1, Cartridge 5 Channel 2, Cartridge 5 Channel 3, Cartridge 5 Channel 4,Cartridge 6 Channel 1, Cartridge 6 Channel 2, Cartridge 6 Channel 3, Cartridge 6 Channel 4
48.8089981079102,0,0,0,0,0,0,0,0,735773,583192,1219513,896859,0,0,0,0,0,0,0,0,0,0,0,0
52.9160003662109,0,0,0,0,0,0,0,0,644824,543477,1128387,887809,0,0,0,0,0,0,0,0,0,0,0,0
55.6110000610352,0,0,0,0,0,0,0,0,641182,512063,1208664,891280,0,0,0,0,0,0,0,0,0,0,0,0
57.5929985046387,0,0,0,0,0,0,0,0,622116,506849,1177795,923422,0,0,0,0,0,0,0,0,0,0,0,0
59.1080017089844,0,0,0,0,0,0,0,0,610628,494670,1177265,879087,0,0,0,0,0,0,0,0,0,0,0,0
60.2379989624023,0,0,0,0,0,0,0,0,612398,487634,1167628,905182,0,0,0,0,0,0,0,0,0,0,0,0
61.0989990234375,0,0,0,0,0,0,0,0,580160,480923,1135480,854733,0,0,0,0,0,0,0,0,0,0,0,0
61.734001159668,0,0,0,0,0,0,0,0,576681,478755,1105897,871800,0,0,0,0,0,0,0,0,0,0,0,0
62.1860008239746,0,0,0,0,0,0,0,0,609938,478155,1122402,881884,0,0,0,0,0,0,0,0,0,0,0,0
