MeltCurveTemperature,Cartridge 1 Channel 1, Cartridge 1 Channel 2, Cartridge 1 Channel 3, Cartridge 1 Channel 4,Cartridge 2 Channel 1, Cartridge 2 Channel 2, Cartridge 2 Channel 3, Cartridge 2 Channel 4,Cartridge 3 Channel 1, Cartridge 3 Channel 2, Cartridge 3 Channel 3, Cartridge 3 Channel 4,Cartridge 4 Channel 1, Cartridge 4 Channel 2, Cartridge 4 Channel 3, Cartridge 4 Channel 4,Cartridge 5 Channel 1, Cartridge 5 Channel 2, Cartridge 5 Channel 3, Cartridge 5 Channel 4,Cartridge 6 Channel 1, Cartridge 6 Channel 2, Cartridge 6 Channel 3, Cartridge 6 Channel 4
44.7019996643066,0,0,0,0,0,0,0,0,9319782,13304364,8683221,7192913,0,0,0,0,0,0,0,0,0,0,0,0
44.8440017700195,0,0,0,0,0,0,0,0,9337287,13248606,8704177,7245304,0,0,0,0,0,0,0,0,0,0,0,0
44.8849983215332,0,0,0,0,0,0,0,0,9307544,13184676,8624343,7194104,0,0,0,0,0,0,0,0,0,0,0,0
45.3660011291504,0,0,0,0,0,0,0,0,9318788,13153488,8642740,7222090,0,0,0,0,0,0,0,0,0,0,0,0
45.4519996643066,0,0,0,0,0,0,0,0,9297914,13095542,8582373,7181051,0,0,0,0,0,0,0,0,0,0,0,0
45.9259986877441,0,0,0,0,0,0,0,0,9301571,13071660,8605018,7212732,0,0,0,0,0,0,0,0,0,0,0,0
46.023998260498,0,0,0,0,0,0,0,0,9282057,13019511,8553645,7171248,0,0,0,0,0,0,0,0,0,0,0,0
46.4539985656738,0,0,0,0,0,0,0,0,9290122,13020292,8574120,7202570,0,0,0,0,0,0,0,0,0,0,0,0
46.5950012207031,0,0,0,0,0,0,0,0,9270513,12973525,8529597,7164157,0,0,0,0,0,0,0,0,0,0,0,0
