MeltCurveTemperature,Cartridge 1 Channel 1, Cartridge 1 Channel 2, Cartridge 1 Channel 3, Cartridge 1 Channel 4,Cartridge 2 Channel 1, Cartridge 2 Channel 2, Cartridge 2 Channel 3, Cartridge 2 Channel 4,Cartridge 3 Channel 1, Cartridge 3 Channel 2, Cartridge 3 Channel 3, Cartridge 3 Channel 4,Cartridge 4 Channel 1, Cartridge 4 Channel 2, Cartridge 4 Channel 3, Cartridge 4 Channel 4,Cartridge 5 Channel 1, Cartridge 5 Channel 2, Cartridge 5 Channel 3, Cartridge 5 Channel 4,Cartridge 6 Channel 1, Cartridge 6 Channel 2, Cartridge 6 Channel 3, Cartridge 6 Channel 4
44.4280014038086,0,0,0,0,0,0,0,0,6116721,5793628,6266276,4911371,0,0,0,0,0,0,0,0,0,0,0,0
44.8289985656738,0,0,0,0,0,0,0,0,6155308,5790976,6258877,4934037,0,0,0,0,0,0,0,0,0,0,0,0
44.8660011291504,0,0,0,0,0,0,0,0,6072648,5753185,6218917,4895839,0,0,0,0,0,0,0,0,0,0,0,0
45.3339996337891,0,0,0,0,0,0,0,0,6044918,5730754,6176305,4868426,0,0,0,0,0,0,0,0,0,0,0,0
45.5340003967285,0,0,0,0,0,0,0,0,6039754,5726345,6179629,4880446,0,0,0,0,0,0,0,0,0,0,0,0
45.8680000305176,0,0,0,0,0,0,0,0,6022758,5715444,6150612,4854745,0,0,0,0,0,0,0,0,0,0,0,0
