MeltCurveTemperature, Cartridge1, Cartridge2, Cartridge3, Cartridge4
49.3610000610352,0,0,6876891,0,0,0,0,0,6014878,0,0,0,0,0,5226101,0,0,0,0,0,6162259,0,0,0
81.6719970703125,0,0,6759564,0,0,0,0,0,5908209,0,0,0,0,0,5178562,0,0,0,0,0,6105909,0,0,0
