MeltCurveTemperature,Cartridge 1 Channel 1, Cartridge 1 Channel 2, Cartridge 1 Channel 3, Cartridge 1 Channel 4,Cartridge 2 Channel 1, Cartridge 2 Channel 2, Cartridge 2 Channel 3, Cartridge 2 Channel 4,Cartridge 3 Channel 1, Cartridge 3 Channel 2, Cartridge 3 Channel 3, Cartridge 3 Channel 4,Cartridge 4 Channel 1, Cartridge 4 Channel 2, Cartridge 4 Channel 3, Cartridge 4 Channel 4,Cartridge 5 Channel 1, Cartridge 5 Channel 2, Cartridge 5 Channel 3, Cartridge 5 Channel 4,Cartridge 6 Channel 1, Cartridge 6 Channel 2, Cartridge 6 Channel 3, Cartridge 6 Channel 4
71.859001159668,0,0,0,0,0,0,0,0,8923885,13280887,8505516,14951369,0,0,0,0,0,0,0,0,0,0,0,0
71.6790008544922,0,0,0,0,0,0,0,0,8858936,13177627,8425650,14916107,0,0,0,0,0,0,0,0,0,0,0,0
71.7429962158203,0,0,0,0,0,0,0,0,8810030,13103176,8376769,14871894,0,0,0,0,0,0,0,0,0,0,0,0
71.8330001831055,0,0,0,0,0,0,0,0,8806257,13043412,8327607,14890002,0,0,0,0,0,0,0,0,0,0,0,0
71.9309997558594,0,0,0,0,0,0,0,0,8731323,12994360,8297498,14835833,0,0,0,0,0,0,0,0,0,0,0,0
74.254997253418,0,0,0,0,0,0,0,0,8631081,12618711,8244645,14286682,0,0,0,0,0,0,0,0,0,0,0,0
