MeltCurveTemperature, Cartridge1, Cartridge2, Cartridge3, Cartridge4
50.9039993286133,0,0,6807344,0,0,0,0,0,6043543,0,0,0,0,0,5249404,0,0,0,0,0,6075564,0,0,0
83.6780014038086,0,0,6697023,0,0,0,0,0,5980620,0,0,0,0,0,5225888,0,0,0,0,0,6041326,0,0,0
