MeltCurveTemperature,Cartridge 1 Channel 1, Cartridge 1 Channel 2, Cartridge 1 Channel 3, Cartridge 1 Channel 4,Cartridge 2 Channel 1, Cartridge 2 Channel 2, Cartridge 2 Channel 3, Cartridge 2 Channel 4,Cartridge 3 Channel 1, Cartridge 3 Channel 2, Cartridge 3 Channel 3, Cartridge 3 Channel 4,Cartridge 4 Channel 1, Cartridge 4 Channel 2, Cartridge 4 Channel 3, Cartridge 4 Channel 4,Cartridge 5 Channel 1, Cartridge 5 Channel 2, Cartridge 5 Channel 3, Cartridge 5 Channel 4,Cartridge 6 Channel 1, Cartridge 6 Channel 2, Cartridge 6 Channel 3, Cartridge 6 Channel 4
45.3629989624023,0,0,0,0,0,0,0,0,1139800,1740327,956279,1163469,0,0,0,0,0,0,0,0,0,0,0,0
46.1440010070801,0,0,0,0,0,0,0,0,1019784,1447776,859889,1028512,0,0,0,0,0,0,0,0,0,0,0,0
46.5309982299805,0,0,0,0,0,0,0,0,947038,1319296,815885,936632,0,0,0,0,0,0,0,0,0,0,0,0
46.9220008850098,0,0,0,0,0,0,0,0,926245,-1435278,791835,-82066,0,0,0,0,0,0,0,0,0,0,0,0
47.3269996643066,0,0,0,0,0,0,0,0,903214,-1439900,777576,-110245,0,0,0,0,0,0,0,0,0,0,0,0
47.6529998779297,0,0,0,0,0,0,0,0,909253,-817378,767935,-106048,0,0,0,0,0,0,0,0,0,0,0,0
47.8499984741211,0,0,0,0,0,0,0,0,895471,-766103,773108,-119515,0,0,0,0,0,0,0,0,0,0,0,0
48.0779991149902,0,0,0,0,0,0,0,0,898522,-722210,766460,-112757,0,0,0,0,0,0,0,0,0,0,0,0
48.3269996643066,0,0,0,0,0,0,0,0,892170,-673789,770437,-121819,0,0,0,0,0,0,0,0,0,0,0,0
