MeltCurveTemperature,Cartridge 1 Channel 1, Cartridge 1 Channel 2, Cartridge 1 Channel 3, Cartridge 1 Channel 4,Cartridge 2 Channel 1, Cartridge 2 Channel 2, Cartridge 2 Channel 3, Cartridge 2 Channel 4,Cartridge 3 Channel 1, Cartridge 3 Channel 2, Cartridge 3 Channel 3, Cartridge 3 Channel 4,Cartridge 4 Channel 1, Cartridge 4 Channel 2, Cartridge 4 Channel 3, Cartridge 4 Channel 4,Cartridge 5 Channel 1, Cartridge 5 Channel 2, Cartridge 5 Channel 3, Cartridge 5 Channel 4,Cartridge 6 Channel 1, Cartridge 6 Channel 2, Cartridge 6 Channel 3, Cartridge 6 Channel 4
45.4640007019043,0,0,0,0,0,0,0,0,1136550,669931,456429,411040,0,0,0,0,0,0,0,0,0,0,0,0
46.9570007324219,0,0,0,0,0,0,0,0,929628,547322,419948,387507,0,0,0,0,0,0,0,0,0,0,0,0
48.0620002746582,0,0,0,0,0,0,0,0,865523,502954,420884,377610,0,0,0,0,0,0,0,0,0,0,0,0
48.7890014648438,0,0,0,0,0,0,0,0,851227,476949,419326,390443,0,0,0,0,0,0,0,0,0,0,0,0
49.5719985961914,0,0,0,0,0,0,0,0,835240,449760,424988,389612,0,0,0,0,0,0,0,0,0,0,0,0
50.451000213623,0,0,0,0,0,0,0,0,825225,441800,435687,395902,0,0,0,0,0,0,0,0,0,0,0,0
