MeltCurveTemperature,Cartridge 1 Channel 1, Cartridge 1 Channel 2, Cartridge 1 Channel 3, Cartridge 1 Channel 4,Cartridge 2 Channel 1, Cartridge 2 Channel 2, Cartridge 2 Channel 3, Cartridge 2 Channel 4,Cartridge 3 Channel 1, Cartridge 3 Channel 2, Cartridge 3 Channel 3, Cartridge 3 Channel 4,Cartridge 4 Channel 1, Cartridge 4 Channel 2, Cartridge 4 Channel 3, Cartridge 4 Channel 4,Cartridge 5 Channel 1, Cartridge 5 Channel 2, Cartridge 5 Channel 3, Cartridge 5 Channel 4,Cartridge 6 Channel 1, Cartridge 6 Channel 2, Cartridge 6 Channel 3, Cartridge 6 Channel 4
45.6080017089844,0,0,0,0,0,0,0,0,1034286,864895,-1294056,835282,0,0,0,0,0,0,0,0,0,0,0,0
45.5040016174316,0,0,0,0,0,0,0,0,999797,830406,-1328545,809785,0,0,0,0,0,0,0,0,0,0,0,0
45.6180000305176,0,0,0,0,0,0,0,0,981384,811993,-1346958,795297,0,0,0,0,0,0,0,0,0,0,0,0
45.7150001525879,0,0,0,0,0,0,0,0,968960,799569,-1359382,783371,0,0,0,0,0,0,0,0,0,0,0,0
45.7939987182617,0,0,0,0,0,0,0,0,959623,790232,-1368719,771998,0,0,0,0,0,0,0,0,0,0,0,0
45.8720016479492,0,0,0,0,0,0,0,0,948091,778700,-1380251,765396,0,0,0,0,0,0,0,0,0,0,0,0
45.9259986877441,0,0,0,0,0,0,0,0,941150,771759,-1387192,755933,0,0,0,0,0,0,0,0,0,0,0,0
