MeltCurveTemperature,Cartridge 1 Channel 1, Cartridge 1 Channel 2, Cartridge 1 Channel 3, Cartridge 1 Channel 4,Cartridge 2 Channel 1, Cartridge 2 Channel 2, Cartridge 2 Channel 3, Cartridge 2 Channel 4,Cartridge 3 Channel 1, Cartridge 3 Channel 2, Cartridge 3 Channel 3, Cartridge 3 Channel 4,Cartridge 4 Channel 1, Cartridge 4 Channel 2, Cartridge 4 Channel 3, Cartridge 4 Channel 4,Cartridge 5 Channel 1, Cartridge 5 Channel 2, Cartridge 5 Channel 3, Cartridge 5 Channel 4,Cartridge 6 Channel 1, Cartridge 6 Channel 2, Cartridge 6 Channel 3, Cartridge 6 Channel 4
45.2939987182617,0,0,0,0,0,0,0,0,2069771,414626,2061966,648157,0,0,0,0,0,0,0,0,0,0,0,0
45.9900016784668,0,0,0,0,0,0,0,0,1958932,303787,1951127,605016,0,0,0,0,0,0,0,0,0,0,0,0
46.0849990844727,0,0,0,0,0,0,0,0,1937730,282585,1929925,585088,0,0,0,0,0,0,0,0,0,0,0,0
46.1769981384277,0,0,0,0,0,0,0,0,1922137,266992,1914332,571380,0,0,0,0,0,0,0,0,0,0,0,0
46.2599983215332,0,0,0,0,0,0,0,0,1908784,253639,1900979,556685,0,0,0,0,0,0,0,0,0,0,0,0
46.3359985351563,0,0,0,0,0,0,0,0,1897287,242142,1889482,546961,0,0,0,0,0,0,0,0,0,0,0,0
46.4179992675781,0,0,0,0,0,0,0,0,1889281,234136,1881476,538152,0,0,0,0,0,0,0,0,0,0,0,0
46.4889984130859,0,0,0,0,0,0,0,0,1880010,224865,1872205,528859,0,0,0,0,0,0,0,0,0,0,0,0
