MeltCurveTemperature,Cartridge 1 Channel 1, Cartridge 1 Channel 2, Cartridge 1 Channel 3, Cartridge 1 Channel 4,Cartridge 2 Channel 1, Cartridge 2 Channel 2, Cartridge 2 Channel 3, Cartridge 2 Channel 4,Cartridge 3 Channel 1, Cartridge 3 Channel 2, Cartridge 3 Channel 3, Cartridge 3 Channel 4,Cartridge 4 Channel 1, Cartridge 4 Channel 2, Cartridge 4 Channel 3, Cartridge 4 Channel 4,Cartridge 5 Channel 1, Cartridge 5 Channel 2, Cartridge 5 Channel 3, Cartridge 5 Channel 4,Cartridge 6 Channel 1, Cartridge 6 Channel 2, Cartridge 6 Channel 3, Cartridge 6 Channel 4
46.4809989929199,0,0,0,0,0,0,0,0,7248687,7046439,14280930,6548489,0,0,0,0,0,0,0,0,0,0,0,0
48.1969985961914,0,0,0,0,0,0,0,0,7182208,6990260,14183732,6507820,0,0,0,0,0,0,0,0,0,0,0,0
49.2039985656738,0,0,0,0,0,0,0,0,7145888,6962258,14093549,6473827,0,0,0,0,0,0,0,0,0,0,0,0
49.898998260498,0,0,0,0,0,0,0,0,7124042,6938342,14038995,6455656,0,0,0,0,0,0,0,0,0,0,0,0
50.3409996032715,0,0,0,0,0,0,0,0,7107656,6926242,13978302,6446676,0,0,0,0,0,0,0,0,0,0,0,0
50.6479988098145,0,0,0,0,0,0,0,0,7097506,6913388,13951900,6431192,0,0,0,0,0,0,0,0,0,0,0,0
